{
  "index": {
    "title": "Introduction",
    "theme": {
      "typesetting": "article",
      "breadcrumb": false,
      "toc": false
    }
  },
  "getting-started": "Getting Started",
  "--1": {
    "type": "separator"
  },
  "backend-adapters": "Backend Adapters",
  "theming": "Theming",
  "api-reference": "API Reference",
  "errors": "Error Handling",
  "--2": {
    "type": "separator"
  },

  "faq": {
    "title": "Frequently Asked Questions (FAQ)",
    "theme": {
      "toc": false
    }
  },
  "roadmap": {
    "title": "Roadmap",
    "href": "https://t3-tools.notion.site/776334c06d814dd08d450975bb983085?v=a04ee69d18a047859717b279df504a6b",
    "newWindow": true
  },

  "project-link": {
    "title": "Dashboard ↗",
    "type": "page",
    "href": "https://uploadthing.com/dashboard",
    "newWindow": true
  }
}
